# scripts/retracted-claims.tsv - THE retraction ledger, as data
#
# One row per retracted, superseded, or premise-invalidated claim. This file is
# the single authority; docs/CLAIMS_REGISTER.md is the prose index that points
# here. It exists as TSV rather than prose for three reasons:
#
#   1. It can be CHECKED. scripts/check-retracted-claims.sh reads it and fails
#      when a ledger pattern is asserted in a script or doc without a retraction
#      marker nearby.
#   2. It can be DIFFED. Adding a retraction is a one-line append, visible in
#      review as a row, not a paragraph rewrite.
#   3. It can be COUNTED. This file is the ONLY source of the retraction count.
#
#      THE RETRACTION COUNT IS THE NUMBER OF ROWS WHOSE STATUS IS `refuted`.
#      `superseded` is excluded (the claim was true and is now old) and
#      `invalidated-premise` is excluded (the ledger says in terms that this
#      "IS NOT a retraction"). Print all three numbers with:
#
#          scripts/check-retracted-claims.sh --count
#
#      This project carried FOUR prose counts of its own retractions and no two
#      agreed: "doze" in docs/RE_CITY_FREEZE.md, "eleven" in
#      docs/DEFINITION_OF_DONE.md and in check-retracted-claims.sh's own header,
#      "These eight" in docs/CLAIMS_REGISTER.md section 1, and "13 commits"
#      counted off git log. All four were wrong the same way - each was a human
#      tally of a moving target. On 2026-10-02 all four were removed and
#      `check-retracted-claims.sh` grew a section that FAILS when any prose
#      count disagrees with the number computed here. Prose that states no count
#      is always fine, so appending a row here never breaks a document.
#
# COLUMNS (tab-separated):
#   id       stable identifier, cited by decisions and tickets
#   kind     token | phrase      (token = case-sensitive, phrase = case-insensitive)
#   status   refuted | superseded | invalidated-premise
#   pattern  the literal string to look for
#   where    file:line where the retraction lives. Checked for existence.
#
# STATUS SEMANTICS - the distinction is load-bearing:
#
#   refuted              A measurement showed the claim to be false.
#   superseded           The claim was true and has been replaced by a later
#                        measurement. It is not wrong, it is old.
#   invalidated-premise  The claim's EVIDENCE was refuted. The inference is
#                        therefore void. THE CLAIM'S TRUTH IS UNKNOWN. This is
#                        NOT a retraction, and a checker that treats it as one
#                        will replace an unmeasured assertion with an
#                        unmeasured assertion of the opposite sign. That is
#                        exactly how the paired $0B51 retraction happened.
#
# R-034 (2026-10-02) is the second claim retracted in two languages (R-005..R-008
# was the first). The English original was in
# docs/measurements/2026-10-02-t093-peer-0B51-writer.md and the Portuguese mirror
# in docs/RE_CITY_FREEZE.md section 5. The checker caught the mirror on its own:
# seeding R-034 turned check-claims red at RE_CITY_FREEZE.md:4076 while the
# English page already carried a marker. That is the guard working, and it is the
# argument for keeping the ledger over hand-editing each document - the same
# retraction had to be written twice by hand and the ledger made the second write
# a gate failure rather than a silent divergence.
#
# KNOWN CEILING ON THE COUNT, stated rather than left to be discovered:
# two `refuted` rows retract the SAME claim in two languages (R-005/R-006
# English/Portuguese, R-007/R-008 likewise), so the refuted row count is an
# UPPER BOUND on the number of DISTINCT retracted claims. This file records no
# claim identity, and inventing one to make the number prettier would be
# judgement dressed as data.
#
# R-028..R-030 (2026-10-02) are the first rows added for a claim that no gate had
# caught: "the Deck cannot build this project", false since 9624f0e. The rootfs
# damage it rested on is REAL and still true - 503 of 504 glibc headers are absent
# from disk while pacman reports the package installed. The headers came from
# archive.archlinux.org into /home/deck/sysroot with -idirafter. So the diagnosis
# was right and the inference drawn from it was wrong, which is the same shape as
# the paired $0B51 retraction: a correct observation carrying an unsupported
# conclusion. See docs/CONFLICTS.md CONF-2 and aes/decisions/D009.md.
#
# WHEN YOU RETRACT SOMETHING: append a row. Do not edit prose to remove the
# claim, and do not weaken a pattern to make a check pass.

# id          kind     status                 pattern                                       where
R-001	phrase	refuted	A cidade não carrega	docs/RE_CITY_FREEZE.md:3114
R-002	phrase	refuted	the city does not load	docs/RE_CITY_FREEZE.md:3114
R-003	phrase	refuted	em \*\*um único sítio\*\*	docs/RE_CITY_FREEZE.md:1758
R-004	phrase	refuted	depois de o seu laço	docs/RE_CITY_FREEZE.md:1758
R-005	phrase	refuted	the gate is .{0,2}\$?0012	docs/RE_CITY_FREEZE.md:1758
R-006	phrase	refuted	o gate is \$0012	docs/RE_CITY_FREEZE.md:1758
R-007	phrase	refuted	13 of 13	docs/RE_CITY_FREEZE.md:1758
R-008	phrase	refuted	13 de 13	docs/RE_CITY_FREEZE.md:1758
R-009	phrase	refuted	What is established	scripts/clock-gate.sh:1
R-010	phrase	refuted	$02BF pause	docs/RE_CITY_FREEZE.md:1120
R-011	phrase	superseded	29 WRAM bytes move	docs/CLAIMS_REGISTER.md:1
R-012	phrase	superseded	2.45 ms on the Deck	scripts/perf-gate.sh:1
R-013	phrase	superseded	254 distinct crc32	README.md:1
R-014	phrase	superseded	53 WRAM addresses	docs/CLAIMS_REGISTER.md:1
R-015	phrase	refuted	the ROM->CPU address translation could not be confirmed	docs/CLAIMS_REGISTER.md:189
R-016	phrase	refuted	load average 8	docs/CLAIMS_REGISTER.md:1
R-017	phrase	refuted	fps and game time are coupled	docs/CLAIMS_REGISTER.md:1
R-018	phrase	refuted	force_lle 0x009311	docs/RE_CITY_FREEZE.md:1143
R-019	phrase	invalidated-premise	CODE_008061 never runs	docs/RE_CITY_FREEZE.md:1758
R-020	phrase	invalidated-premise	INC.w $0B51	docs/CLAIMS_REGISTER.md:218
R-021	phrase	superseded	2\.45 ms	scripts/perf-gate.sh:41
R-022	phrase	superseded	254 distinct crc32	README.md:172
R-023	phrase	refuted	causal link is proven	README.md:70
R-024	phrase	refuted	<-- THE GATE	README.md:70
R-025	phrase	refuted	proven by pokefor	README.md:70
R-026	phrase	refuted	demonstrably does not run	README.md:70
R-027	phrase	refuted	AND #\$9000 gates INC	README.md:70
R-028	phrase	refuted	the Deck cannot build this project	docs/CONFLICTS.md:41
R-029	phrase	refuted	Deck cannot compile this	docs/CONFLICTS.md:41
R-030	phrase	refuted	no glibc headers, so `make build` there fails	docs/CONFLICTS.md:41
R-031	phrase	refuted	free-running counter modulo 4	study/peer-linux/README.md:154
R-032	phrase	refuted	it does not satisfy a translation unit that includes	docs/measurements/2026-10-02-c041-bank03-pc-dump.md:292
R-033	phrase	refuted	Bank 03 executes only in	docs/CAUSE_CLAIMS.md:63
R-034	phrase	refuted	STA dp,x	docs/measurements/2026-10-02-t093-peer-0B51-writer.md:143
R-035	phrase	refuted	the reference build also stops ticking productively	docs/measurements/2026-10-02-t101-reference-simulates.md
R-036	phrase	refuted	rising is not simulating	docs/measurements/2026-10-02-t101-reference-simulates.md
R-037	token	refuted	executes (0 times|zero times) (over|in) f0.f[69] ?000	docs/measurements/2026-10-03-t102-tick-across-f13080.md
R-038	phrase	refuted	03C87F is the second byte of	docs/measurements/2026-10-03-t104-c87x-scan-loop.md
R-039	phrase	refuted	first thing in this project that looks like a	docs/measurements/2026-10-03-t105-flags-at-03c87f.md
R-040	phrase	refuted	a defect in our emulation	docs/measurements/2026-10-03-t106-index-immediate-census.md
R-041	phrase	refuted	zero-fill that runs away	docs/measurements/2026-10-03-t106-index-immediate-census.md
R-042	phrase	refuted	two matching mistakes read as agreement	docs/measurements/2026-10-03-t106-index-immediate-census.md
R-043	phrase	refuted	two instruments, one boundary	docs/measurements/2026-10-03-t109-seventeen-pictures.md
R-044	phrase	refuted	rendered frames, 256x210 BGRA	study/peer-linux/README.md:139
R-045	phrase	refuted	date glyphs thereafter never rewritten, so no poke can move them	docs/measurements/2026-10-03-t111-date-display-path.md
